{
  "model_type": "gp",
  "n_features": 8,
  "n_targets": 1,
  "train_size": 320,
  "val_size": 57,
  "feature_cols": [
    "v_conv",
    "age_SP",
    "age_OP",
    "dip_int",
    "eta_int",
    "eta_UM",
    "eps_trans",
    "eta_ratio"
  ],
  "target_cols": [
    "dTdt_C_per_Myr"
  ],
  "metrics": {
    "target_cols": [
      "dTdt_C_per_Myr"
    ],
    "train": {
      "dTdt_C_per_Myr": {
        "rmse": 6.35798773626627,
        "mae": 4.36800259231448,
        "r2": 0.9139413415686681
      },
      "_macro_avg": {
        "rmse": 6.35798773626627,
        "mae": 4.36800259231448,
        "r2": 0.9139413415686681
      }
    },
    "val": {
      "dTdt_C_per_Myr": {
        "rmse": 8.347439145674482,
        "mae": 6.2391072040669435,
        "r2": 0.8749225972164922
      },
      "_macro_avg": {
        "rmse": 8.347439145674482,
        "mae": 6.2391072040669435,
        "r2": 0.8749225972164922
      }
    },
    "gp_kernels": [
      {
        "kernel": "1.74**2 * RBF(length_scale=[1.28, 13.5, 1.92, 1.62, 7.28, 7.6, 5.39, 5.15]) + WhiteKernel(noise_level=0.122)"
      }
    ]
  },
  "data_dir": "/home/holt/Projects/SlabPT-emulator/src/emulator/data/75km_dTdt_etaRatio",
  "seed": 42,
  "gp_hparams": {
    "ls_init": 1.0,
    "ls_bounds": [
      0.001,
      1000.0
    ],
    "noise_init": 0.003,
    "noise_bounds": [
      1e-06,
      1.0
    ],
    "alpha": 1e-06,
    "restarts": 20
  },
  "rf_hparams": null
}