{
  "model_type": "gp",
  "n_features": 8,
  "n_targets": 1,
  "train_size": 333,
  "val_size": 59,
  "feature_cols": [
    "v_conv",
    "age_SP",
    "age_OP",
    "dip_int",
    "eta_int",
    "eta_UM",
    "eps_trans",
    "thermal_param"
  ],
  "target_cols": [
    "dTdt_C_per_Myr"
  ],
  "metrics": {
    "target_cols": [
      "dTdt_C_per_Myr"
    ],
    "train": {
      "dTdt_C_per_Myr": {
        "rmse": 0.4503446847865647,
        "mae": 0.3469939595520802,
        "r2": 0.99808770687901
      },
      "_macro_avg": {
        "rmse": 0.4503446847865647,
        "mae": 0.3469939595520802,
        "r2": 0.99808770687901
      }
    },
    "val": {
      "dTdt_C_per_Myr": {
        "rmse": 3.895518091182187,
        "mae": 2.0110687213151714,
        "r2": 0.8078539509066932
      },
      "_macro_avg": {
        "rmse": 3.895518091182187,
        "mae": 2.0110687213151714,
        "r2": 0.8078539509066932
      }
    },
    "gp_kernels": [
      {
        "kernel": "7.31**2 * Matern(length_scale=[8.8, 32.5, 6.36, 1e+03, 30.9, 90.6, 140, 11.3], nu=1.5) + WhiteKernel(noise_level=0.00769)"
      }
    ]
  },
  "data_dir": "/home/holt/Projects/SlabPT-emulator/src/emulator/data/25km_dTdt_thermalParam",
  "seed": 42,
  "gp_hparams": {
    "ls_init": 1.0,
    "ls_bounds": [
      0.001,
      1000.0
    ],
    "noise_init": 0.003,
    "noise_bounds": [
      1e-06,
      1.0
    ],
    "alpha": 1e-06,
    "restarts": 20
  },
  "rf_hparams": null
}