{
  "model_type": "gp",
  "n_features": 8,
  "n_targets": 1,
  "train_size": 320,
  "val_size": 57,
  "feature_cols": [
    "v_conv",
    "age_SP",
    "age_OP",
    "dip_int",
    "eta_int",
    "eta_UM",
    "eps_trans",
    "eta_ratio"
  ],
  "target_cols": [
    "dTdt_C_per_Myr"
  ],
  "metrics": {
    "target_cols": [
      "dTdt_C_per_Myr"
    ],
    "train": {
      "dTdt_C_per_Myr": {
        "rmse": 4.7861426794889566,
        "mae": 3.14462451399027,
        "r2": 0.9512329503328656
      },
      "_macro_avg": {
        "rmse": 4.7861426794889566,
        "mae": 3.14462451399027,
        "r2": 0.9512329503328656
      }
    },
    "val": {
      "dTdt_C_per_Myr": {
        "rmse": 8.80918633440736,
        "mae": 6.222572829299005,
        "r2": 0.8607023069213744
      },
      "_macro_avg": {
        "rmse": 8.80918633440736,
        "mae": 6.222572829299005,
        "r2": 0.8607023069213744
      }
    },
    "gp_kernels": [
      {
        "kernel": "3.17**2 * Matern(length_scale=[3.76, 39.6, 5.64, 4.93, 16.1, 20, 15.6, 16.1], nu=1.5) + WhiteKernel(noise_level=0.0911)"
      }
    ]
  },
  "data_dir": "/home/holt/Projects/SlabPT-emulator/src/emulator/data/75km_dTdt_etaRatio",
  "seed": 42,
  "gp_hparams": {
    "ls_init": 1.0,
    "ls_bounds": [
      0.001,
      1000.0
    ],
    "noise_init": 0.003,
    "noise_bounds": [
      1e-06,
      1.0
    ],
    "alpha": 1e-06,
    "restarts": 20
  },
  "rf_hparams": null
}