{
  "model_type": "gp",
  "n_features": 8,
  "n_targets": 1,
  "train_size": 320,
  "val_size": 57,
  "feature_cols": [
    "v_conv",
    "age_SP",
    "age_OP",
    "dip_int",
    "eta_int",
    "eta_UM",
    "eps_trans",
    "thermal_param"
  ],
  "target_cols": [
    "dTdt_C_per_Myr"
  ],
  "metrics": {
    "target_cols": [
      "dTdt_C_per_Myr"
    ],
    "train": {
      "dTdt_C_per_Myr": {
        "rmse": 6.332583025997842,
        "mae": 4.2334934241276,
        "r2": 0.9146276994123912
      },
      "_macro_avg": {
        "rmse": 6.332583025997842,
        "mae": 4.2334934241276,
        "r2": 0.9146276994123912
      }
    },
    "val": {
      "dTdt_C_per_Myr": {
        "rmse": 8.442204412341434,
        "mae": 6.036035724590477,
        "r2": 0.8720665656937783
      },
      "_macro_avg": {
        "rmse": 8.442204412341434,
        "mae": 6.036035724590477,
        "r2": 0.8720665656937783
      }
    },
    "gp_kernels": [
      {
        "kernel": "1.61**2 * RBF(length_scale=[1.3, 25.4, 1.93, 1.65, 4.3, 5.56, 5.45, 4.06]) + WhiteKernel(noise_level=0.123)"
      }
    ]
  },
  "data_dir": "/home/holt/Projects/SlabPT-emulator/src/emulator/data/75km_dTdt_thermalParam",
  "seed": 42,
  "gp_hparams": {
    "ls_init": 1.0,
    "ls_bounds": [
      0.001,
      1000.0
    ],
    "noise_init": 0.003,
    "noise_bounds": [
      1e-06,
      1.0
    ],
    "alpha": 1e-06,
    "restarts": 20
  },
  "rf_hparams": null
}