{
  "model_type": "gp",
  "n_features": 9,
  "n_targets": 1,
  "train_size": 320,
  "val_size": 57,
  "feature_cols": [
    "v_conv",
    "age_SP",
    "age_OP",
    "dip_int",
    "eta_int",
    "eta_UM",
    "eps_trans",
    "thermal_param",
    "eta_ratio"
  ],
  "target_cols": [
    "dTdt_C_per_Myr"
  ],
  "metrics": {
    "target_cols": [
      "dTdt_C_per_Myr"
    ],
    "train": {
      "dTdt_C_per_Myr": {
        "rmse": 5.363953287379549,
        "mae": 3.5414587257689716,
        "r2": 0.9387473088889005
      },
      "_macro_avg": {
        "rmse": 5.363953287379549,
        "mae": 3.5414587257689716,
        "r2": 0.9387473088889005
      }
    },
    "val": {
      "dTdt_C_per_Myr": {
        "rmse": 8.339647886883641,
        "mae": 5.929433112539169,
        "r2": 0.8751559755273791
      },
      "_macro_avg": {
        "rmse": 8.339647886883641,
        "mae": 5.929433112539169,
        "r2": 0.8751559755273791
      }
    },
    "gp_kernels": [
      {
        "kernel": "2.22**2 * Matern(length_scale=[2.32, 44.4, 3.22, 2.88, 7.92, 12.4, 9.21, 6.61, 8.9], nu=2.5) + WhiteKernel(noise_level=0.1)"
      }
    ]
  },
  "data_dir": "/home/holt/Projects/SlabPT-emulator/src/emulator/data/75km_dTdt_thermalParam_etaRatio",
  "seed": 42,
  "gp_hparams": {
    "ls_init": 1.0,
    "ls_bounds": [
      0.01,
      100.0
    ],
    "noise_init": 0.001,
    "noise_bounds": [
      1e-06,
      0.1
    ],
    "alpha": 1e-06,
    "restarts": 20
  },
  "rf_hparams": null
}