{
  "model_type": "gp",
  "n_features": 8,
  "n_targets": 1,
  "train_size": 329,
  "val_size": 58,
  "feature_cols": [
    "v_conv",
    "age_SP",
    "age_OP",
    "dip_int",
    "eta_int",
    "eta_UM",
    "eps_trans",
    "thermal_param"
  ],
  "target_cols": [
    "dTdt_C_per_Myr"
  ],
  "metrics": {
    "target_cols": [
      "dTdt_C_per_Myr"
    ],
    "train": {
      "dTdt_C_per_Myr": {
        "rmse": 2.181515665558504,
        "mae": 1.646738272050961,
        "r2": 0.9677833619002001
      },
      "_macro_avg": {
        "rmse": 2.181515665558504,
        "mae": 1.646738272050961,
        "r2": 0.9677833619002001
      }
    },
    "val": {
      "dTdt_C_per_Myr": {
        "rmse": 4.755595972448401,
        "mae": 3.6605565110182106,
        "r2": 0.8736145068869507
      },
      "_macro_avg": {
        "rmse": 4.755595972448401,
        "mae": 3.6605565110182106,
        "r2": 0.8736145068869507
      }
    },
    "gp_kernels": [
      {
        "kernel": "3.15**2 * Matern(length_scale=[2.5, 27, 2.39, 6.06, 6.57, 7.65, 9.93, 12.2], nu=2.5) + WhiteKernel(noise_level=0.0658)"
      }
    ]
  },
  "data_dir": "/home/holt/Projects/SlabPT-emulator/src/emulator/data/50km_dTdt_thermalParam",
  "seed": 42,
  "gp_hparams": {
    "ls_init": 1.0,
    "ls_bounds": [
      0.01,
      100.0
    ],
    "noise_init": 0.001,
    "noise_bounds": [
      1e-06,
      0.1
    ],
    "alpha": 1e-06,
    "restarts": 20
  },
  "rf_hparams": null
}