{
  "model_type": "gp",
  "n_features": 7,
  "n_targets": 1,
  "train_size": 333,
  "val_size": 59,
  "feature_cols": [
    "v_conv",
    "age_SP",
    "age_OP",
    "dip_int",
    "eta_int",
    "eta_UM",
    "eps_trans"
  ],
  "target_cols": [
    "dTdt_C_per_Myr"
  ],
  "metrics": {
    "target_cols": [
      "dTdt_C_per_Myr"
    ],
    "train": {
      "dTdt_C_per_Myr": {
        "rmse": 0.6411657814204454,
        "mae": 0.484798191482838,
        "r2": 0.99612381003652
      },
      "_macro_avg": {
        "rmse": 0.6411657814204454,
        "mae": 0.484798191482838,
        "r2": 0.99612381003652
      }
    },
    "val": {
      "dTdt_C_per_Myr": {
        "rmse": 3.8556013959206203,
        "mae": 2.1281572917706097,
        "r2": 0.8117715502481574
      },
      "_macro_avg": {
        "rmse": 3.8556013959206203,
        "mae": 2.1281572917706097,
        "r2": 0.8117715502481574
      }
    },
    "gp_kernels": [
      {
        "kernel": "8.54**2 * Matern(length_scale=[10.2, 73.4, 7.21, 21.6, 29.7, 85, 103], nu=1.5) + WhiteKernel(noise_level=0.0119)"
      }
    ]
  },
  "data_dir": "/home/holt/Projects/SlabPT-emulator/src/emulator/data/25km_dTdt",
  "seed": 42,
  "gp_hparams": {
    "ls_init": 1.0,
    "ls_bounds": [
      0.001,
      1000.0
    ],
    "noise_init": 0.003,
    "noise_bounds": [
      1e-06,
      1.0
    ],
    "alpha": 1e-06,
    "restarts": 20
  },
  "rf_hparams": null
}