{
  "model_type": "gp",
  "n_features": 7,
  "n_targets": 1,
  "train_size": 320,
  "val_size": 57,
  "feature_cols": [
    "v_conv",
    "age_SP",
    "age_OP",
    "dip_int",
    "eta_int",
    "eta_UM",
    "eps_trans"
  ],
  "target_cols": [
    "dTdt_C_per_Myr"
  ],
  "metrics": {
    "target_cols": [
      "dTdt_C_per_Myr"
    ],
    "train": {
      "dTdt_C_per_Myr": {
        "rmse": 5.461329881259729,
        "mae": 3.5964795454185734,
        "r2": 0.9365031735503246
      },
      "_macro_avg": {
        "rmse": 5.461329881259729,
        "mae": 3.5964795454185734,
        "r2": 0.9365031735503246
      }
    },
    "val": {
      "dTdt_C_per_Myr": {
        "rmse": 8.989581403402585,
        "mae": 6.261883286242236,
        "r2": 0.8549387985369852
      },
      "_macro_avg": {
        "rmse": 8.989581403402585,
        "mae": 6.261883286242236,
        "r2": 0.8549387985369852
      }
    },
    "gp_kernels": [
      {
        "kernel": "2.3**2 * Matern(length_scale=[2.2, 22.6, 3.32, 2.82, 7.1, 8.98, 9.08], nu=2.5) + WhiteKernel(noise_level=0.1)"
      }
    ]
  },
  "data_dir": "/home/holt/Projects/SlabPT-emulator/src/emulator/data/75km_dTdt",
  "seed": 42,
  "gp_hparams": {
    "ls_init": 1.0,
    "ls_bounds": [
      0.01,
      100.0
    ],
    "noise_init": 0.001,
    "noise_bounds": [
      1e-06,
      0.1
    ],
    "alpha": 1e-06,
    "restarts": 20
  },
  "rf_hparams": null
}