run_id,T1_C,T2_C,dT_C,dt_Myr,dTdt_C_per_Myr
000,377.32,214.27,-163.05,4.999,-32.614236649
001,275.52,113.77,-161.75,5.0,-32.347496044
002,391.01,201.99,-189.02,5.0,-37.807071624
003,414.68,248.93,-165.75,4.998,-33.163822722
004,265.8,123.53,-142.27,5.0,-28.456441435
005,441.04,219.97,-221.07,5.001,-44.206152971
006,396.77,229.99,-166.78,5.0,-33.353270091
007,370.99,217.16,-153.83,4.997,-30.782392912
