{
  "model_type": "gp",
  "n_features": 9,
  "n_targets": 1,
  "train_size": 329,
  "val_size": 58,
  "feature_cols": [
    "v_conv",
    "age_SP",
    "age_OP",
    "dip_int",
    "eta_int",
    "eta_UM",
    "eps_trans",
    "thermal_param",
    "eta_ratio"
  ],
  "target_cols": [
    "dTdt_C_per_Myr"
  ],
  "metrics": {
    "target_cols": [
      "dTdt_C_per_Myr"
    ],
    "train": {
      "dTdt_C_per_Myr": {
        "rmse": 2.1802018536124828,
        "mae": 1.6457664905127,
        "r2": 0.9678221549825716
      },
      "_macro_avg": {
        "rmse": 2.1802018536124828,
        "mae": 1.6457664905127,
        "r2": 0.9678221549825716
      }
    },
    "val": {
      "dTdt_C_per_Myr": {
        "rmse": 4.7564761693102175,
        "mae": 3.6612684619851548,
        "r2": 0.8735677180470423
      },
      "_macro_avg": {
        "rmse": 4.7564761693102175,
        "mae": 3.6612684619851548,
        "r2": 0.8735677180470423
      }
    },
    "gp_kernels": [
      {
        "kernel": "3.15**2 * Matern(length_scale=[2.49, 26.9, 2.39, 6.05, 6.57, 7.65, 9.91, 12.1, 100], nu=2.5) + WhiteKernel(noise_level=0.0657)"
      }
    ]
  },
  "data_dir": "/home/holt/Projects/SlabPT-emulator/src/emulator/data/50km_dTdt_thermalParam_etaRatio",
  "seed": 42,
  "gp_hparams": {
    "ls_init": 1.0,
    "ls_bounds": [
      0.01,
      100.0
    ],
    "noise_init": 0.001,
    "noise_bounds": [
      1e-06,
      0.1
    ],
    "alpha": 1e-06,
    "restarts": 20
  },
  "rf_hparams": null
}