{
  "model_type": "gp",
  "n_features": 8,
  "n_targets": 1,
  "train_size": 333,
  "val_size": 59,
  "feature_cols": [
    "v_conv",
    "age_SP",
    "age_OP",
    "dip_int",
    "eta_int",
    "eta_UM",
    "eps_trans",
    "eta_ratio"
  ],
  "target_cols": [
    "dTdt_C_per_Myr"
  ],
  "metrics": {
    "target_cols": [
      "dTdt_C_per_Myr"
    ],
    "train": {
      "dTdt_C_per_Myr": {
        "rmse": 1.131991978563396,
        "mae": 0.8517073772001791,
        "r2": 0.9879176592714689
      },
      "_macro_avg": {
        "rmse": 1.131991978563396,
        "mae": 0.8517073772001791,
        "r2": 0.9879176592714689
      }
    },
    "val": {
      "dTdt_C_per_Myr": {
        "rmse": 3.7395066593846833,
        "mae": 2.095478493340401,
        "r2": 0.822936261483967
      },
      "_macro_avg": {
        "rmse": 3.7395066593846833,
        "mae": 2.095478493340401,
        "r2": 0.822936261483967
      }
    },
    "gp_kernels": [
      {
        "kernel": "7.07**2 * Matern(length_scale=[4.78, 65.6, 3.35, 10.3, 17, 56, 70.9, 1e+03], nu=2.5) + WhiteKernel(noise_level=0.021)"
      }
    ]
  },
  "data_dir": "/home/holt/Projects/SlabPT-emulator/src/emulator/data/25km_dTdt_etaRatio",
  "seed": 42,
  "gp_hparams": {
    "ls_init": 1.0,
    "ls_bounds": [
      0.001,
      1000.0
    ],
    "noise_init": 0.003,
    "noise_bounds": [
      1e-06,
      1.0
    ],
    "alpha": 1e-06,
    "restarts": 20
  },
  "rf_hparams": null
}