{
  "model_type": "gp",
  "n_features": 9,
  "n_targets": 1,
  "train_size": 329,
  "val_size": 58,
  "feature_cols": [
    "v_conv",
    "age_SP",
    "age_OP",
    "dip_int",
    "eta_int",
    "eta_UM",
    "eps_trans",
    "thermal_param",
    "eta_ratio"
  ],
  "target_cols": [
    "dTdt_C_per_Myr"
  ],
  "metrics": {
    "target_cols": [
      "dTdt_C_per_Myr"
    ],
    "train": {
      "dTdt_C_per_Myr": {
        "rmse": 1.1593720508824592,
        "mae": 0.8755735714269929,
        "r2": 0.9909006745248272
      },
      "_macro_avg": {
        "rmse": 1.1593720508824592,
        "mae": 0.8755735714269929,
        "r2": 0.9909006745248272
      }
    },
    "val": {
      "dTdt_C_per_Myr": {
        "rmse": 4.670671585683044,
        "mae": 3.522811367085629,
        "r2": 0.8780881311831548
      },
      "_macro_avg": {
        "rmse": 4.670671585683044,
        "mae": 3.522811367085629,
        "r2": 0.8780881311831548
      }
    },
    "gp_kernels": [
      {
        "kernel": "4.36**2 * Matern(length_scale=[4.52, 47.4, 4.12, 9.37, 11.5, 13.2, 16.1, 16.3, 1e+03], nu=1.5) + WhiteKernel(noise_level=0.0343)"
      }
    ]
  },
  "data_dir": "/home/holt/Projects/SlabPT-emulator/src/emulator/data/50km_dTdt_thermalParam_etaRatio",
  "seed": 42,
  "gp_hparams": {
    "ls_init": 1.0,
    "ls_bounds": [
      0.001,
      1000.0
    ],
    "noise_init": 0.003,
    "noise_bounds": [
      1e-06,
      1.0
    ],
    "alpha": 1e-06,
    "restarts": 20
  },
  "rf_hparams": null
}