{
  "model_type": "gp",
  "n_features": 8,
  "n_targets": 1,
  "train_size": 320,
  "val_size": 57,
  "feature_cols": [
    "v_conv",
    "age_SP",
    "age_OP",
    "dip_int",
    "eta_int",
    "eta_UM",
    "eps_trans",
    "thermal_param"
  ],
  "target_cols": [
    "dTdt_C_per_Myr"
  ],
  "metrics": {
    "target_cols": [
      "dTdt_C_per_Myr"
    ],
    "train": {
      "dTdt_C_per_Myr": {
        "rmse": 5.5811689266610385,
        "mae": 3.6465904099977022,
        "r2": 0.933685952649216
      },
      "_macro_avg": {
        "rmse": 5.5811689266610385,
        "mae": 3.6465904099977022,
        "r2": 0.933685952649216
      }
    },
    "val": {
      "dTdt_C_per_Myr": {
        "rmse": 8.698912317703279,
        "mae": 6.002759526745965,
        "r2": 0.8641679554018115
      },
      "_macro_avg": {
        "rmse": 8.698912317703279,
        "mae": 6.002759526745965,
        "r2": 0.8641679554018115
      }
    },
    "gp_kernels": [
      {
        "kernel": "2.26**2 * Matern(length_scale=[2.34, 60.1, 3.39, 2.96, 6.81, 9.56, 9.46, 6.6], nu=2.5) + WhiteKernel(noise_level=0.106)"
      }
    ]
  },
  "data_dir": "/home/holt/Projects/SlabPT-emulator/src/emulator/data/75km_dTdt_thermalParam",
  "seed": 42,
  "gp_hparams": {
    "ls_init": 1.0,
    "ls_bounds": [
      0.001,
      1000.0
    ],
    "noise_init": 0.003,
    "noise_bounds": [
      1e-06,
      1.0
    ],
    "alpha": 1e-06,
    "restarts": 20
  },
  "rf_hparams": null
}