{
  "model_type": "gp",
  "n_features": 8,
  "n_targets": 1,
  "train_size": 320,
  "val_size": 57,
  "feature_cols": [
    "v_conv",
    "age_SP",
    "age_OP",
    "dip_int",
    "eta_int",
    "eta_UM",
    "eps_trans",
    "thermal_param"
  ],
  "target_cols": [
    "dTdt_C_per_Myr"
  ],
  "metrics": {
    "target_cols": [
      "dTdt_C_per_Myr"
    ],
    "train": {
      "dTdt_C_per_Myr": {
        "rmse": 5.388034804219917,
        "mae": 3.523264788522826,
        "r2": 0.938196085276098
      },
      "_macro_avg": {
        "rmse": 5.388034804219917,
        "mae": 3.523264788522826,
        "r2": 0.938196085276098
      }
    },
    "val": {
      "dTdt_C_per_Myr": {
        "rmse": 8.690102072276916,
        "mae": 6.019706642674978,
        "r2": 0.8644429570551424
      },
      "_macro_avg": {
        "rmse": 8.690102072276916,
        "mae": 6.019706642674978,
        "r2": 0.8644429570551424
      }
    },
    "gp_kernels": [
      {
        "kernel": "2.18**2 * Matern(length_scale=[2.28, 51.4, 3.23, 2.89, 6.43, 9.26, 9.09, 6.19], nu=2.5) + WhiteKernel(noise_level=0.1)"
      }
    ]
  },
  "data_dir": "/home/holt/Projects/SlabPT-emulator/src/emulator/data/75km_dTdt_thermalParam",
  "seed": 42,
  "gp_hparams": {
    "ls_init": 1.0,
    "ls_bounds": [
      0.01,
      100.0
    ],
    "noise_init": 0.001,
    "noise_bounds": [
      1e-06,
      0.1
    ],
    "alpha": 1e-06,
    "restarts": 20
  },
  "rf_hparams": null
}