{
  "model_type": "gp",
  "n_features": 9,
  "n_targets": 1,
  "train_size": 333,
  "val_size": 59,
  "feature_cols": [
    "v_conv",
    "age_SP",
    "age_OP",
    "dip_int",
    "eta_int",
    "eta_UM",
    "eps_trans",
    "thermal_param",
    "eta_ratio"
  ],
  "target_cols": [
    "dTdt_C_per_Myr"
  ],
  "metrics": {
    "target_cols": [
      "dTdt_C_per_Myr"
    ],
    "train": {
      "dTdt_C_per_Myr": {
        "rmse": 1.1017007877805594,
        "mae": 0.8438380648853554,
        "r2": 0.9885556350112686
      },
      "_macro_avg": {
        "rmse": 1.1017007877805594,
        "mae": 0.8438380648853554,
        "r2": 0.9885556350112686
      }
    },
    "val": {
      "dTdt_C_per_Myr": {
        "rmse": 3.7497378604051494,
        "mae": 1.9859220224497645,
        "r2": 0.8219660517317117
      },
      "_macro_avg": {
        "rmse": 3.7497378604051494,
        "mae": 1.9859220224497645,
        "r2": 0.8219660517317117
      }
    },
    "gp_kernels": [
      {
        "kernel": "6.37**2 * Matern(length_scale=[4.36, 63.3, 3.05, 63.8, 19.5, 42.7, 77.6, 7.7, 100], nu=2.5) + WhiteKernel(noise_level=0.0198)"
      }
    ]
  },
  "data_dir": "/home/holt/Projects/SlabPT-emulator/src/emulator/data/25km_dTdt_thermalParam_etaRatio",
  "seed": 42,
  "gp_hparams": {
    "ls_init": 1.0,
    "ls_bounds": [
      0.01,
      100.0
    ],
    "noise_init": 0.001,
    "noise_bounds": [
      1e-06,
      0.1
    ],
    "alpha": 1e-06,
    "restarts": 20
  },
  "rf_hparams": null
}