{
  "model_type": "gp",
  "n_features": 9,
  "n_targets": 1,
  "train_size": 329,
  "val_size": 58,
  "feature_cols": [
    "v_conv",
    "age_SP",
    "age_OP",
    "dip_int",
    "eta_int",
    "eta_UM",
    "eps_trans",
    "thermal_param",
    "eta_ratio"
  ],
  "target_cols": [
    "dTdt_C_per_Myr"
  ],
  "metrics": {
    "target_cols": [
      "dTdt_C_per_Myr"
    ],
    "train": {
      "dTdt_C_per_Myr": {
        "rmse": 2.8558375265558302,
        "mae": 2.179605302946569,
        "r2": 0.9447883738497322
      },
      "_macro_avg": {
        "rmse": 2.8558375265558302,
        "mae": 2.179605302946569,
        "r2": 0.9447883738497322
      }
    },
    "val": {
      "dTdt_C_per_Myr": {
        "rmse": 5.054295344663917,
        "mae": 3.982892675193301,
        "r2": 0.8572393363406724
      },
      "_macro_avg": {
        "rmse": 5.054295344663917,
        "mae": 3.982892675193301,
        "r2": 0.8572393363406724
      }
    },
    "gp_kernels": [
      {
        "kernel": "2.14**2 * RBF(length_scale=[1.28, 14.9, 1.26, 4.12, 3.7, 4.45, 6.06, 6.73, 1e+03]) + WhiteKernel(noise_level=0.0881)"
      }
    ]
  },
  "data_dir": "/home/holt/Projects/SlabPT-emulator/src/emulator/data/50km_dTdt_thermalParam_etaRatio",
  "seed": 42,
  "gp_hparams": {
    "ls_init": 1.0,
    "ls_bounds": [
      0.001,
      1000.0
    ],
    "noise_init": 0.003,
    "noise_bounds": [
      1e-06,
      1.0
    ],
    "alpha": 1e-06,
    "restarts": 20
  },
  "rf_hparams": null
}